,Trading Date,BUY,SELL,Spread,Delivery Year
0,2022-12-30,172.425,183.188,-10.763,2023
1,2022-12-29,193.9,204.513,-10.613,2023
2,2022-12-28,189.25,200.925,-11.675,2023
3,2022-12-23,203.3,210.0,-6.7,2023
4,2022-12-22,227.75,232.513,-4.763,2023
5,2022-12-21,241.85,245.0,-3.15,2023
6,2022-12-20,262.55,266.725,-4.175,2023
7,2022-12-19,265.375,268.475,-3.1,2023
8,2022-12-16,293.0,295.8,-2.8,2023
9,2022-12-15,336.0,338.425,-2.425,2023
10,2022-12-14,324.225,327.0,-2.775,2023
11,2022-12-13,341.5,344.15,-2.65,2023
12,2022-12-12,335.375,338.2,-2.825,2023
13,2022-12-09,355.0,356.0,-1.0,2023
14,2022-12-08,337.0,340.5,-3.5,2023
15,2022-12-07,372.013,374.5,-2.487,2023
16,2022-12-06,347.575,350.0,-2.425,2023
17,2022-12-05,339.0,342.15,-3.15,2023
18,2022-12-02,340.05,343.875,-3.825,2023
19,2022-12-01,338.0,343.375,-5.375,2023
20,2022-11-30,367.25,368.25,-1.0,2023
21,2022-11-29,338.025,342.0,-3.975,2023
22,2022-11-28,318.5,322.5,-4.0,2023
23,2022-11-25,324.0,328.2,-4.2,2023
24,2022-11-24,319.7,324.8,-5.1,2023
25,2022-11-23,339.775,343.0,-3.225,2023
26,2022-11-22,324.0,328.225,-4.225,2023
27,2022-11-21,311.45,312.275,-0.825,2023
28,2022-11-18,303.65,305.75,-2.1,2023
29,2022-11-17,316.25,320.5,-4.25,2023
30,2022-11-16,306.525,308.0,-1.475,2023
31,2022-11-15,335.6,338.0,-2.4,2023
32,2022-11-14,321.875,323.5,-1.625,2023
33,2022-11-11,276.45,279.75,-3.3,2023
34,2022-11-10,305.05,307.875,-2.825,2023
35,2022-11-09,317.163,319.838,-2.675,2023
36,2022-11-08,325.425,330.5,-5.075,2023
37,2022-11-07,320.575,324.5,-3.925,2023
38,2022-11-04,327.5,332.0,-4.5,2023
39,2022-11-03,347.575,351.1,-3.525,2023
40,2022-11-02,354.075,356.125,-2.05,2023
41,2022-11-01,319.5,323.55,-4.05,2023
42,2022-10-31,334.175,340.0,-5.825,2023
43,2022-10-28,371.75,375.0,-3.25,2023
44,2022-10-27,363.025,368.0,-4.975,2023
45,2022-10-26,363.35,367.0,-3.65,2023
46,2022-10-25,364.125,370.0,-5.875,2023
47,2022-10-24,369.4,376.0,-6.6,2023
48,2022-10-21,395.0,402.0,-7.0,2023
49,2022-10-20,404.5,411.0,-6.5,2023
50,2022-10-19,374.25,379.25,-5.0,2023
51,2022-10-18,386.238,389.913,-3.675,2023
52,2022-10-17,404.625,411.0,-6.375,2023
53,2022-10-14,421.675,427.425,-5.75,2023
54,2022-10-13,444.988,452.0,-7.012,2023
55,2022-10-12,466.5,473.0,-6.5,2023
56,2022-10-11,460.9,467.0,-6.1,2023
57,2022-10-10,472.025,477.463,-5.438,2023
58,2022-10-07,452.2,460.25,-8.05,2023
59,2022-10-06,487.0,490.125,-3.125,2023
60,2022-10-05,503.013,506.988,-3.975,2023
61,2022-10-04,455.1,457.0,-1.9,2023
62,2022-10-03,472.5,470.0,2.5,2023
63,2022-09-30,519.925,525.0,-5.075,2023
64,2022-09-29,559.95,560.238,-0.288,2023
65,2022-09-28,618.65,618.0,0.65,2023
66,2022-09-27,613.2,620.0,-6.8,2023
67,2022-09-26,535.5,532.55,2.95,2023
68,2022-09-23,550.7,548.125,2.575,2023
69,2022-09-22,556.7,551.2,5.5,2023
70,2022-09-21,551.65,535.0,16.65,2023
71,2022-09-20,577.65,567.65,10.0,2023
72,2022-09-19,535.0,525.0,10.0,2023
73,2022-09-16,554.0,549.8,4.2,2023
74,2022-09-15,597.0,592.05,4.95,2023
75,2022-09-14,607.55,610.05,-2.5,2023
76,2022-09-13,558.8,552.8,6.0,2023
77,2022-09-12,529.0,523.0,6.0,2023
78,2022-09-09,562.75,555.775,6.975,2023
79,2022-09-08,588.675,584.275,4.4,2023
80,2022-09-07,585.45,573.05,12.4,2023
81,2022-09-06,631.0,616.6,14.4,2023
82,2022-09-05,659.55,640.713,18.837,2023
83,2022-09-02,557.213,538.375,18.838,2023
84,2022-09-01,651.025,633.5,17.525,2023
85,2022-08-31,620.0,604.75,15.25,2023
86,2022-08-30,708.85,700.2,8.65,2023
87,2022-08-26,875.225,866.575,8.65,2023
88,2022-08-25,816.2,807.55,8.65,2023
89,2022-08-24,764.15,755.5,8.65,2023
90,2022-08-23,692.925,684.275,8.65,2023
91,2022-08-22,753.55,746.975,6.575,2023
92,2022-08-19,649.0,642.425,6.575,2023
93,2022-08-18,621.2,614.625,6.575,2023
94,2022-08-17,594.55,586.3,8.25,2023
95,2022-08-16,586.45,578.0,8.45,2023
96,2022-08-15,575.45,567.0,8.45,2023
97,2022-08-12,538.55,530.1,8.45,2023
98,2022-08-11,545.65,533.0,12.65,2023
99,2022-08-10,529.15,516.5,12.65,2023
100,2022-08-09,494.65,482.0,12.65,2023
101,2022-08-08,487.2,471.0,16.2,2023
102,2022-08-05,501.588,484.5,17.088,2023
103,2022-08-04,501.25,484.163,17.087,2023
104,2022-08-03,494.325,478.1,16.225,2023
105,2022-08-02,503.9,484.0,19.9,2023
106,2022-08-01,498.5,478.375,20.125,2023
107,2022-07-29,482.675,459.0,23.675,2023
108,2022-07-28,500.363,476.688,23.675,2023
109,2022-07-27,516.2,492.5,23.7,2023
110,2022-07-26,506.65,484.7,21.95,2023
111,2022-07-25,451.8,431.5,20.3,2023
112,2022-07-22,423.3,403.0,20.3,2023
113,2022-07-21,418.55,398.25,20.3,2023
114,2022-07-20,422.75,402.45,20.3,2023
115,2022-07-19,417.05,396.75,20.3,2023
116,2022-07-18,423.0,402.7,20.3,2023
117,2022-07-15,421.575,406.5,15.075,2023
118,2022-07-14,456.825,441.75,15.075,2023
119,2022-07-13,473.075,458.0,15.075,2023
120,2022-07-12,457.975,444.05,13.925,2023
121,2022-07-11,435.225,421.3,13.925,2023
122,2022-07-08,440.675,426.75,13.925,2023
123,2022-07-07,475.875,461.95,13.925,2023
124,2022-07-06,445.225,431.3,13.925,2023
125,2022-07-05,423.6,409.675,13.925,2023
126,2022-07-04,420.15,414.4,5.75,2023
127,2022-07-01,385.25,379.5,5.75,2023
128,2021-12-31,155.0,159.563,-4.563,2022
129,2021-12-30,206.0,206.738,-0.738,2022
130,2021-12-29,232.75,233.75,-1.0,2022
131,2021-12-24,242.375,238.7,3.675,2022
132,2021-12-23,309.875,306.2,3.675,2022
133,2021-12-22,414.95,407.45,7.5,2022
134,2021-12-21,450.1,440.25,9.85,2022
135,2021-12-20,370.25,359.675,10.575,2022
136,2021-12-17,342.025,329.35,12.675,2022
137,2021-12-16,343.5,329.525,13.975,2022
138,2021-12-15,327.525,315.425,12.1,2022
139,2021-12-14,322.5,311.0,11.5,2022
140,2021-12-13,295.088,288.188,6.9,2022
141,2021-12-10,267.575,260.0,7.575,2022
142,2021-12-09,256.5,251.1,5.4,2022
143,2021-12-08,264.0,258.625,5.375,2022
144,2021-12-07,243.375,238.313,5.062,2022
145,2021-12-06,228.538,223.15,5.388,2022
146,2021-12-03,229.375,223.438,5.937,2022
147,2021-12-02,235.325,229.6,5.725,2022
148,2021-12-01,244.863,236.45,8.413,2022
149,2021-11-30,236.6,229.325,7.275,2022
150,2021-11-29,240.55,232.95,7.6,2022
151,2021-11-26,227.5,219.1,8.4,2022
152,2021-11-25,238.2,230.175,8.025,2022
153,2021-11-24,241.125,231.938,9.187,2022
154,2021-11-23,236.075,226.263,9.812,2022
155,2021-11-22,219.8,211.15,8.65,2022
156,2021-11-19,226.0,215.85,10.15,2022
157,2021-11-18,242.825,232.175,10.65,2022
158,2021-11-17,245.825,234.175,11.65,2022
159,2021-11-16,244.3,233.888,10.412,2022
160,2021-11-15,211.725,202.3,9.425,2022
161,2021-11-12,195.7,188.0,7.7,2022
162,2021-11-11,196.475,188.95,7.525,2022
163,2021-11-10,186.413,178.138,8.275,2022
164,2021-11-09,186.725,178.5,8.225,2022
165,2021-11-08,207.375,198.325,9.05,2022
166,2021-11-05,194.125,185.5,8.625,2022
167,2021-11-04,191.925,183.325,8.6,2022
168,2021-11-03,206.025,197.65,8.375,2022
169,2021-11-02,183.25,175.275,7.975,2022
170,2021-11-01,172.125,163.925,8.2,2022
171,2021-10-29,170.7,161.45,9.25,2022
172,2021-10-28,199.763,189.75,10.013,2022
173,2021-10-27,226.738,216.35,10.388,2022
174,2021-10-26,231.2,222.375,8.825,2022
175,2021-10-25,234.35,224.675,9.675,2022
176,2021-10-22,231.363,223.513,7.85,2022
177,2021-10-21,233.7,225.325,8.375,2022
178,2021-10-20,250.925,242.05,8.875,2022
179,2021-10-19,245.4,236.6,8.8,2022
180,2021-10-18,245.375,236.35,9.025,2022
181,2021-10-15,235.35,225.85,9.5,2022
182,2021-10-14,269.7,259.475,10.225,2022
183,2021-10-13,249.438,240.488,8.95,2022
184,2021-10-12,232.675,224.25,8.425,2022
185,2021-10-11,225.75,218.475,7.275,2022
186,2021-10-08,229.0,221.4,7.6,2022
187,2021-10-07,256.588,249.5,7.088,2022
188,2021-10-06,287.1,279.475,7.625,2022
189,2021-10-05,308.413,300.838,7.575,2022
190,2021-10-04,252.238,244.513,7.725,2022
191,2021-10-01,246.875,238.925,7.95,2022
192,2021-09-30,243.15,235.275,7.875,2022
193,2021-09-29,228.325,222.55,5.775,2022
194,2021-09-28,213.6,207.825,5.775,2022
195,2021-09-27,203.5,197.725,5.775,2022
196,2021-09-24,187.375,181.6,5.775,2022
197,2021-09-23,181.8,176.025,5.775,2022
198,2021-09-22,185.188,180.538,4.65,2022
199,2021-09-21,190.163,185.513,4.65,2022
200,2021-09-20,191.375,186.725,4.65,2022
201,2021-09-17,171.975,167.325,4.65,2022
202,2021-09-16,160.25,155.6,4.65,2022
203,2021-09-15,182.025,177.375,4.65,2022
204,2021-09-14,171.825,167.175,4.65,2022
205,2021-09-13,160.225,155.575,4.65,2022
206,2021-09-10,152.288,147.638,4.65,2022
207,2021-09-09,148.825,144.163,4.662,2022
208,2021-09-08,146.6,141.938,4.662,2022
209,2021-09-07,142.825,138.163,4.662,2022
210,2021-09-06,139.088,134.475,4.613,2022
211,2021-09-03,135.738,130.988,4.75,2022
212,2021-09-02,136.225,131.475,4.75,2022
213,2021-09-01,131.75,127.025,4.725,2022
214,2021-08-31,133.288,128.45,4.838,2022
215,2021-08-27,127.825,122.988,4.837,2022
216,2021-08-26,122.338,117.5,4.838,2022
217,2021-08-25,121.35,116.513,4.837,2022
218,2021-08-24,122.013,116.563,5.45,2022
219,2021-08-23,114.9,110.175,4.725,2022
220,2021-08-20,110.725,107.525,3.2,2022
221,2021-08-19,108.175,102.85,5.325,2022
222,2021-08-18,118.25,112.925,5.325,2022
223,2021-08-17,123.6,118.275,5.325,2022
224,2021-08-16,125.4,120.075,5.325,2022
225,2021-08-13,118.825,113.2,5.625,2022
226,2021-08-12,120.163,114.538,5.625,2022
227,2021-08-11,120.825,115.2,5.625,2022
228,2021-08-10,116.363,110.738,5.625,2022
229,2021-08-09,113.263,107.888,5.375,2022
230,2021-08-06,113.15,106.563,6.587,2022
231,2021-08-05,112.075,105.588,6.487,2022
232,2021-08-04,109.75,102.863,6.887,2022
233,2021-08-03,108.675,101.55,7.125,2022
234,2021-08-02,110.313,103.075,7.238,2022
235,2021-07-30,105.825,101.0,4.825,2022
236,2021-07-29,106.963,102.138,4.825,2022
237,2021-07-28,104.7,99.875,4.825,2022
238,2021-07-27,99.238,95.0,4.238,2022
239,2021-07-26,98.888,94.65,4.238,2022
240,2021-07-23,95.988,91.563,4.425,2022
241,2021-07-22,97.075,92.65,4.425,2022
242,2021-07-21,97.3,93.113,4.187,2022
243,2021-07-20,96.138,92.8,3.338,2022
244,2021-07-19,97.113,93.775,3.338,2022
245,2021-07-16,94.925,91.588,3.337,2022
246,2021-07-15,91.388,88.05,3.338,2022
247,2021-07-14,92.775,89.438,3.337,2022
248,2021-07-13,96.025,92.7,3.325,2022
249,2021-07-12,94.15,90.75,3.4,2022
250,2021-07-09,100.175,96.775,3.4,2022
251,2021-07-08,92.6,89.113,3.487,2022
252,2021-07-07,88.25,84.775,3.475,2022
253,2021-07-06,90.125,87.65,2.475,2022
254,2021-07-05,100.55,98.075,2.475,2022
255,2021-07-02,96.825,94.35,2.475,2022
256,2021-07-01,97.65,95.175,2.475,2022
257,2020-12-31,56.688,55.413,1.275,2021
258,2020-12-30,55.338,54.013,1.325,2021
259,2020-12-29,56.125,54.688,1.437,2021
260,2020-12-24,51.175,50.4,0.775,2021
261,2020-12-23,50.738,49.863,0.875,2021
262,2020-12-22,51.538,51.0,0.538,2021
263,2020-12-21,49.113,48.825,0.288,2021
264,2020-12-18,45.663,45.538,0.125,2021
265,2020-12-17,45.775,45.625,0.15,2021
266,2020-12-16,46.75,46.6,0.15,2021
267,2020-12-15,49.6,49.288,0.312,2021
268,2020-12-14,48.275,47.963,0.312,2021
269,2020-12-11,46.125,45.775,0.35,2021
270,2020-12-10,45.225,44.675,0.55,2021
271,2020-12-09,42.275,41.775,0.5,2021
272,2020-12-08,42.025,41.425,0.6,2021
273,2020-12-07,41.825,41.188,0.637,2021
274,2020-12-04,42.45,41.688,0.762,2021
275,2020-12-03,41.138,40.238,0.9,2021
276,2020-12-02,43.713,42.838,0.875,2021
277,2020-12-01,43.063,42.4,0.663,2021
278,2020-11-30,43.813,42.75,1.063,2021
279,2020-11-27,42.1,41.288,0.812,2021
280,2020-11-26,40.825,39.825,1.0,2021
281,2020-11-25,39.863,39.188,0.675,2021
282,2020-11-24,40.038,39.338,0.7,2021
283,2020-11-23,39.063,38.425,0.638,2021
284,2020-11-20,37.413,36.85,0.563,2021
285,2020-11-19,37.875,37.313,0.562,2021
286,2020-11-18,39.263,38.663,0.6,2021
287,2020-11-17,40.663,39.988,0.675,2021
288,2020-11-16,42.188,41.413,0.775,2021
289,2020-11-13,41.913,41.2,0.713,2021
290,2020-11-12,41.263,40.7,0.563,2021
291,2020-11-11,41.2,40.575,0.625,2021
292,2020-11-10,41.325,40.675,0.65,2021
293,2020-11-09,41.2,40.55,0.65,2021
294,2020-11-06,41.275,40.463,0.812,2021
295,2020-11-05,42.625,41.825,0.8,2021
296,2020-11-04,41.275,40.513,0.762,2021
297,2020-11-03,40.7,39.888,0.812,2021
298,2020-11-02,40.538,39.713,0.825,2021
299,2020-10-30,42.138,41.125,1.013,2021
300,2020-10-29,43.125,42.113,1.012,2021
301,2020-10-28,43.713,42.65,1.063,2021
302,2020-10-27,44.825,43.913,0.912,2021
303,2020-10-26,44.888,43.8,1.088,2021
304,2020-10-23,46.55,45.475,1.075,2021
305,2020-10-22,46.025,45.025,1.0,2021
306,2020-10-21,44.663,43.763,0.9,2021
307,2020-10-20,45.125,44.288,0.837,2021
308,2020-10-19,45.025,44.125,0.9,2021
309,2020-10-16,44.05,43.2,0.85,2021
310,2020-10-15,43.4,42.525,0.875,2021
311,2020-10-14,42.563,41.75,0.813,2021
312,2020-10-13,41.475,40.663,0.812,2021
313,2020-10-12,42.313,41.338,0.975,2021
314,2020-10-09,42.663,41.788,0.875,2021
315,2020-10-08,42.975,42.2,0.775,2021
316,2020-10-07,42.438,41.488,0.95,2021
317,2020-10-06,40.925,40.175,0.75,2021
318,2020-10-05,41.3,40.425,0.875,2021
319,2020-10-02,40.288,39.35,0.938,2021
320,2020-10-01,41.05,40.113,0.937,2021
321,2020-09-30,41.675,41.0,0.675,2021
322,2020-09-29,42.225,41.55,0.675,2021
323,2020-09-28,42.35,41.675,0.675,2021
324,2020-09-25,41.938,41.063,0.875,2021
325,2020-09-24,41.5,40.625,0.875,2021
326,2020-09-23,41.663,40.938,0.725,2021
327,2020-09-22,41.363,40.638,0.725,2021
328,2020-09-21,41.238,40.513,0.725,2021
329,2020-09-18,41.913,41.188,0.725,2021
330,2020-09-17,41.675,40.9,0.775,2021
331,2020-09-16,41.975,41.238,0.737,2021
332,2020-09-15,41.75,41.038,0.712,2021
333,2020-09-14,41.55,40.875,0.675,2021
334,2020-09-11,40.988,40.313,0.675,2021
335,2020-09-10,40.063,39.913,0.15,2021
336,2020-09-09,39.688,39.625,0.063,2021
337,2020-09-08,39.763,39.7,0.063,2021
338,2020-09-07,40.625,39.938,0.687,2021
339,2020-09-04,42.313,41.625,0.688,2021
340,2020-09-03,42.363,41.775,0.588,2021
341,2020-09-02,41.55,40.963,0.587,2021
342,2020-09-01,42.375,41.725,0.65,2021
343,2020-08-28,42.45,41.613,0.837,2021
344,2020-08-27,41.213,40.375,0.838,2021
345,2020-08-26,41.963,41.125,0.838,2021
346,2020-08-25,41.613,40.775,0.838,2021
347,2020-08-24,40.425,39.588,0.837,2021
348,2020-08-21,38.888,38.163,0.725,2021
349,2020-08-20,40.05,39.325,0.725,2021
350,2020-08-19,39.963,39.238,0.725,2021
351,2020-08-18,40.288,39.563,0.725,2021
352,2020-08-17,39.238,38.513,0.725,2021
353,2020-08-14,39.95,39.225,0.725,2021
354,2020-08-13,38.325,38.075,0.25,2021
355,2020-08-12,38.238,37.563,0.675,2021
356,2020-08-11,38.363,37.688,0.675,2021
357,2020-08-10,37.963,37.288,0.675,2021
358,2020-08-07,38.213,37.538,0.675,2021
359,2020-08-06,38.55,37.875,0.675,2021
360,2020-08-05,38.025,37.35,0.675,2021
361,2020-08-04,37.288,36.613,0.675,2021
362,2020-08-03,37.15,36.475,0.675,2021
363,2020-07-31,36.163,35.488,0.675,2021
364,2020-07-30,36.213,35.538,0.675,2021
365,2020-07-29,36.938,36.263,0.675,2021
366,2020-07-28,36.825,36.15,0.675,2021
367,2020-07-27,36.4,35.725,0.675,2021
368,2020-07-24,37.0,36.325,0.675,2021
369,2020-07-23,37.55,36.875,0.675,2021
370,2020-07-22,37.425,36.75,0.675,2021
371,2020-07-21,37.088,36.413,0.675,2021
372,2020-07-20,36.9,36.225,0.675,2021
373,2020-07-17,38.588,37.988,0.6,2021
374,2020-07-16,38.65,38.05,0.6,2021
375,2020-07-15,39.125,38.55,0.575,2021
376,2020-07-14,39.45,38.763,0.687,2021
377,2020-07-13,39.275,38.588,0.687,2021
378,2020-07-10,39.038,38.363,0.675,2021
379,2020-07-09,39.475,38.8,0.675,2021
380,2020-07-08,39.65,38.975,0.675,2021
381,2020-07-07,39.875,39.2,0.675,2021
382,2020-07-06,39.5,38.838,0.662,2021
383,2020-07-03,37.913,37.675,0.238,2021
384,2020-07-02,37.425,37.188,0.237,2021
385,2020-07-01,37.1,36.863,0.237,2021
386,2019-12-31,30.175,30.838,-0.663,2020
387,2019-12-30,31.738,32.238,-0.5,2020
388,2019-12-30,31.75,32.238,-0.488,2020
389,2019-12-27,33.325,33.588,-0.263,2020
390,2019-12-24,33.025,33.325,-0.3,2020
391,2019-12-23,34.188,34.4,-0.212,2020
392,2019-12-20,37.188,37.025,0.163,2020
393,2019-12-19,39.163,39.125,0.038,2020
394,2019-12-18,39.25,39.088,0.162,2020
395,2019-12-17,37.575,37.6,-0.025,2020
396,2019-12-16,35.388,35.563,-0.175,2020
397,2019-12-13,34.975,35.288,-0.313,2020
398,2019-12-12,38.05,38.3,-0.25,2020
399,2019-12-11,35.95,36.225,-0.275,2020
400,2019-12-10,37.088,37.313,-0.225,2020
401,2019-12-09,38.038,38.163,-0.125,2020
402,2019-12-06,38.863,38.988,-0.125,2020
403,2019-12-05,39.838,39.913,-0.075,2020
404,2019-12-04,40.963,41.0,-0.037,2020
405,2019-12-03,41.138,41.175,-0.037,2020
406,2019-12-02,41.363,41.525,-0.162,2020
407,2019-11-29,42.8,42.863,-0.063,2020
408,2019-11-28,43.05,43.138,-0.088,2020
409,2019-11-27,43.775,43.925,-0.15,2020
410,2019-11-26,43.425,43.663,-0.238,2020
411,2019-11-25,44.238,44.375,-0.137,2020
412,2019-11-22,44.638,44.7,-0.062,2020
413,2019-11-21,43.638,43.725,-0.087,2020
414,2019-11-20,43.313,43.413,-0.1,2020
415,2019-11-19,42.888,42.988,-0.1,2020
416,2019-11-18,42.863,43.038,-0.175,2020
417,2019-11-15,43.9,44.05,-0.15,2020
418,2019-11-14,43.413,43.613,-0.2,2020
419,2019-11-13,42.988,43.125,-0.137,2020
420,2019-11-12,43.125,43.275,-0.15,2020
421,2019-11-11,43.788,43.925,-0.137,2020
422,2019-11-08,44.25,44.325,-0.075,2020
423,2019-11-07,44.875,44.95,-0.075,2020
424,2019-11-06,45.275,45.225,0.05,2020
425,2019-11-05,46.275,46.175,0.1,2020
426,2019-11-04,46.5,46.375,0.125,2020
427,2019-11-01,45.8,45.663,0.137,2020
428,2019-10-31,45.438,45.175,0.263,2020
429,2019-10-30,45.275,45.2,0.075,2020
430,2019-10-29,45.15,45.225,-0.075,2020
431,2019-10-28,45.75,45.838,-0.088,2020
432,2019-10-25,46.325,46.363,-0.038,2020
433,2019-10-24,46.925,47.05,-0.125,2020
434,2019-10-23,46.775,46.875,-0.1,2020
435,2019-10-22,47.463,47.5,-0.037,2020
436,2019-10-21,47.588,47.675,-0.087,2020
437,2019-10-18,49.138,48.85,0.288,2020
438,2019-10-17,49.488,49.538,-0.05,2020
439,2019-10-16,50.113,49.925,0.188,2020
440,2019-10-15,50.35,50.2,0.15,2020
441,2019-10-14,51.163,51.0,0.163,2020
442,2019-10-11,51.375,51.225,0.15,2020
443,2019-10-10,52.0,51.7,0.3,2020
444,2019-10-09,51.65,51.6,0.05,2020
445,2019-10-08,51.038,51.025,0.013,2020
446,2019-10-07,50.625,50.35,0.275,2020
447,2019-10-04,50.95,50.725,0.225,2020
448,2019-10-03,51.225,51.0,0.225,2020
449,2019-10-02,51.7,51.4,0.3,2020
450,2019-10-01,53.063,52.9,0.163,2020
451,2019-09-30,52.288,52.075,0.213,2020
452,2019-09-27,53.225,53.125,0.1,2020
453,2019-09-26,53.513,53.413,0.1,2020
454,2019-09-25,52.9,52.8,0.1,2020
455,2019-09-24,53.563,53.188,0.375,2020
456,2019-09-23,53.8,53.425,0.375,2020
457,2019-09-20,54.8,54.425,0.375,2020
458,2019-09-19,54.225,53.85,0.375,2020
459,2019-09-18,54.175,53.8,0.375,2020
460,2019-09-17,54.588,54.213,0.375,2020
461,2019-09-16,57.913,57.538,0.375,2020
462,2019-09-13,53.75,53.375,0.375,2020
463,2019-09-12,54.875,54.5,0.375,2020
464,2019-09-11,54.475,54.1,0.375,2020
465,2019-09-10,56.813,56.438,0.375,2020
466,2019-09-09,50.888,50.513,0.375,2020
467,2019-09-06,50.475,50.1,0.375,2020
468,2019-09-05,50.388,50.013,0.375,2020
469,2019-09-04,49.613,49.238,0.375,2020
470,2019-09-03,50.113,49.613,0.5,2020
471,2019-09-02,49.95,49.613,0.337,2020
472,2019-08-30,51.4,50.925,0.475,2020
473,2019-08-29,51.975,51.5,0.475,2020
474,2019-08-28,51.5,50.988,0.512,2020
475,2019-08-27,51.263,50.625,0.638,2020
476,2019-08-23,52.225,51.463,0.762,2020
477,2019-08-22,52.438,51.675,0.763,2020
478,2019-08-21,53.188,52.425,0.763,2020
479,2019-08-20,53.5,52.738,0.762,2020
480,2019-08-19,52.838,52.075,0.763,2020
481,2019-08-16,53.413,52.65,0.763,2020
482,2019-08-15,53.775,53.013,0.762,2020
483,2019-08-14,54.713,53.713,1.0,2020
484,2019-08-13,55.15,54.15,1.0,2020
485,2019-08-12,54.325,53.663,0.662,2020
486,2019-08-09,55.55,54.613,0.937,2020
487,2019-08-08,55.738,54.8,0.938,2020
488,2019-08-07,55.463,54.525,0.938,2020
489,2019-08-06,55.2,54.263,0.937,2020
490,2019-08-05,55.463,54.95,0.513,2020
491,2019-08-02,56.263,55.75,0.513,2020
492,2019-08-01,58.188,57.675,0.513,2020
493,2019-07-31,56.075,55.563,0.512,2020
494,2019-07-30,55.925,55.35,0.575,2020
495,2019-07-29,55.7,55.125,0.575,2020
496,2019-07-26,56.05,55.475,0.575,2020
497,2019-07-25,56.638,55.888,0.75,2020
498,2019-07-24,57.1,55.788,1.312,2020
499,2019-07-23,58.513,57.313,1.2,2020
500,2019-07-22,57.85,56.85,1.0,2020
501,2019-07-19,58.575,57.575,1.0,2020
502,2019-07-18,57.8,56.8,1.0,2020
503,2019-07-17,58.3,57.35,0.95,2020
504,2019-07-16,57.8,56.85,0.95,2020
505,2019-07-15,59.6,58.65,0.95,2020
506,2019-07-12,61.838,60.888,0.95,2020
507,2019-07-11,59.55,58.6,0.95,2020
508,2019-07-10,57.4,56.45,0.95,2020
509,2019-07-09,54.875,53.925,0.95,2020
510,2019-07-08,55.2,54.25,0.95,2020
511,2019-07-05,53.775,53.075,0.7,2020
512,2019-07-04,53.138,52.438,0.7,2020
513,2019-07-03,53.0,52.3,0.7,2020
514,2019-07-02,53.275,52.575,0.7,2020
515,2019-07-01,54.275,53.575,0.7,2020
516,2018-12-31,60.0,60.225,-0.225,2019
517,2018-12-28,62.55,62.425,0.125,2019
518,2018-12-27,64.675,64.35,0.325,2019
519,2018-12-24,67.5,66.888,0.612,2019
520,2018-12-21,68.925,68.175,0.75,2019
521,2018-12-20,68.613,68.025,0.588,2019
522,2018-12-19,67.65,67.325,0.325,2019
523,2018-12-18,65.775,65.463,0.312,2019
524,2018-12-17,67.788,67.475,0.313,2019
525,2018-12-14,67.6,67.425,0.175,2019
526,2018-12-13,66.563,66.463,0.1,2019
527,2018-12-12,66.125,66.013,0.112,2019
528,2018-12-11,65.188,65.125,0.063,2019
529,2018-12-10,64.313,64.238,0.075,2019
530,2018-12-07,63.688,63.588,0.1,2019
531,2018-12-06,62.788,62.825,-0.037,2019
532,2018-12-05,64.675,64.438,0.237,2019
533,2018-12-04,66.825,66.513,0.312,2019
534,2018-12-03,68.188,67.75,0.438,2019
535,2018-11-30,67.7,67.075,0.625,2019
536,2018-11-29,68.15,67.638,0.512,2019
537,2018-11-28,67.063,66.613,0.45,2019
538,2018-11-27,69.575,69.0,0.575,2019
539,2018-11-26,67.775,67.075,0.7,2019
540,2018-11-23,68.738,67.863,0.875,2019
541,2018-11-22,67.975,67.425,0.55,2019
542,2018-11-21,68.163,67.438,0.725,2019
543,2018-11-20,67.963,67.325,0.638,2019
544,2018-11-19,68.063,67.388,0.675,2019
545,2018-11-16,72.35,71.675,0.675,2019
546,2018-11-15,74.213,73.375,0.838,2019
547,2018-11-14,72.675,71.925,0.75,2019
548,2018-11-13,72.6,71.788,0.812,2019
549,2018-11-12,71.55,71.05,0.5,2019
550,2018-11-09,67.575,67.075,0.5,2019
551,2018-11-08,67.488,66.9,0.588,2019
552,2018-11-07,68.338,67.513,0.825,2019
553,2018-11-06,66.4,65.813,0.587,2019
554,2018-11-05,66.525,65.875,0.65,2019
555,2018-11-02,68.3,67.713,0.587,2019
556,2018-11-01,66.9,66.275,0.625,2019
557,2018-10-31,68.625,67.9,0.725,2019
558,2018-10-30,69.413,68.7,0.713,2019
559,2018-10-29,70.825,70.1,0.725,2019
560,2018-10-26,70.2,69.488,0.712,2019
561,2018-10-25,71.738,71.05,0.688,2019
562,2018-10-24,72.588,71.863,0.725,2019
563,2018-10-23,73.025,72.25,0.775,2019
564,2018-10-22,74.15,73.413,0.737,2019
565,2018-10-19,76.063,75.125,0.938,2019
566,2018-10-18,73.588,72.875,0.713,2019
567,2018-10-17,74.15,73.375,0.775,2019
568,2018-10-16,73.95,73.088,0.862,2019
569,2018-10-15,74.663,73.875,0.788,2019
570,2018-10-12,75.063,74.175,0.888,2019
571,2018-10-11,72.85,72.063,0.787,2019
572,2018-10-10,74.05,73.175,0.875,2019
573,2018-10-09,75.65,74.75,0.9,2019
574,2018-10-08,77.225,76.275,0.95,2019
575,2018-10-05,79.113,78.213,0.9,2019
576,2018-10-04,78.513,77.688,0.825,2019
577,2018-10-03,77.588,76.625,0.963,2019
578,2018-10-02,77.6,76.6,1.0,2019
579,2018-10-01,79.025,78.038,0.987,2019
580,2018-09-28,78.45,77.35,1.1,2019
581,2018-09-27,79.025,77.925,1.1,2019
582,2018-09-26,80.788,79.738,1.05,2019
583,2018-09-25,84.038,82.988,1.05,2019
584,2018-09-24,84.425,83.375,1.05,2019
585,2018-09-21,82.75,81.75,1.0,2019
586,2018-09-20,81.4,80.1,1.3,2019
587,2018-09-19,81.925,80.913,1.012,2019
588,2018-09-18,79.225,78.175,1.05,2019
589,2018-09-17,80.475,79.45,1.025,2019
590,2018-09-14,79.463,78.475,0.988,2019
591,2018-09-13,77.425,76.488,0.937,2019
592,2018-09-12,80.05,79.05,1.0,2019
593,2018-09-11,82.925,81.55,1.375,2019
594,2018-09-10,84.088,83.063,1.025,2019
595,2018-09-07,81.55,80.525,1.025,2019
596,2018-09-06,80.125,79.1,1.025,2019
597,2018-09-05,79.0,78.013,0.987,2019
598,2018-09-04,77.825,76.7,1.125,2019
599,2018-09-03,76.763,75.875,0.888,2019
600,2018-08-31,75.1,74.213,0.887,2019
601,2018-08-30,75.875,74.988,0.887,2019
602,2018-08-29,76.663,75.763,0.9,2019
603,2018-08-28,75.913,74.9,1.013,2019
604,2018-08-24,74.638,73.625,1.013,2019
605,2018-08-23,73.525,72.725,0.8,2019
606,2018-08-22,72.488,71.65,0.838,2019
607,2018-08-21,72.063,71.138,0.925,2019
608,2018-08-20,71.713,70.838,0.875,2019
609,2018-08-17,71.65,70.788,0.862,2019
610,2018-08-16,70.838,69.975,0.863,2019
611,2018-08-15,69.85,68.488,1.362,2019
612,2018-08-14,70.45,69.088,1.362,2019
613,2018-08-13,70.325,68.975,1.35,2019
614,2018-08-10,68.663,67.5,1.163,2019
615,2018-08-09,67.963,66.8,1.163,2019
616,2018-08-08,67.775,66.7,1.075,2019
617,2018-08-07,67.563,66.45,1.113,2019
618,2018-08-06,66.763,65.65,1.113,2019
619,2018-08-03,66.263,65.138,1.125,2019
620,2018-08-02,65.775,64.7,1.075,2019
621,2018-08-01,65.588,64.538,1.05,2019
622,2018-07-31,66.275,65.225,1.05,2019
623,2018-07-30,66.9,65.85,1.05,2019
624,2018-07-27,66.375,65.325,1.05,2019
625,2018-07-26,66.5,65.45,1.05,2019
626,2018-07-25,66.325,65.4,0.925,2019
627,2018-07-24,66.35,65.313,1.037,2019
628,2018-07-23,66.125,65.25,0.875,2019
629,2018-07-20,65.713,64.613,1.1,2019
630,2018-07-19,66.65,65.35,1.3,2019
631,2018-07-18,66.238,65.125,1.113,2019
632,2018-07-17,65.3,64.175,1.125,2019
633,2018-07-16,65.125,64.2,0.925,2019
634,2018-07-13,66.175,65.25,0.925,2019
635,2018-07-12,65.3,64.375,0.925,2019
636,2018-07-11,67.15,66.275,0.875,2019
637,2018-07-10,67.775,66.875,0.9,2019
638,2018-07-09,68.05,67.15,0.9,2019
639,2018-07-06,66.763,65.863,0.9,2019
640,2018-07-05,67.625,66.725,0.9,2019
641,2018-07-04,66.838,65.763,1.075,2019
642,2018-07-03,67.45,65.913,1.537,2019
643,2018-07-02,67.488,66.35,1.138,2019
644,2017-12-29,55.2,55.1,0.1,2018
645,2017-12-28,56.525,55.788,0.737,2018
646,2017-12-27,55.238,54.625,0.613,2018
647,2017-12-22,56.65,55.95,0.7,2018
648,2017-12-21,58.75,57.763,0.987,2018
649,2017-12-20,60.25,59.05,1.2,2018
650,2017-12-19,58.838,57.9,0.938,2018
651,2017-12-18,59.85,58.638,1.212,2018
652,2017-12-15,61.513,60.05,1.463,2018
653,2017-12-14,61.963,60.675,1.288,2018
654,2017-12-13,60.4,59.05,1.35,2018
655,2017-12-12,66.375,63.9,2.475,2018
656,2017-12-11,61.4,60.438,0.962,2018
657,2017-12-08,57.9,57.213,0.687,2018
658,2017-12-07,59.463,58.613,0.85,2018
659,2017-12-06,59.175,58.325,0.85,2018
660,2017-12-05,60.15,59.25,0.9,2018
661,2017-12-04,59.963,59.2,0.763,2018
662,2017-12-01,58.275,57.525,0.75,2018
663,2017-11-30,56.725,56.075,0.65,2018
664,2017-11-29,57.225,56.525,0.7,2018
665,2017-11-28,57.425,56.825,0.6,2018
666,2017-11-27,59.075,58.375,0.7,2018
667,2017-11-24,58.588,57.9,0.688,2018
668,2017-11-23,57.1,56.525,0.575,2018
669,2017-11-22,55.525,54.95,0.575,2018
670,2017-11-21,55.95,55.375,0.575,2018
671,2017-11-20,55.2,54.613,0.587,2018
672,2017-11-17,53.725,53.288,0.437,2018
673,2017-11-16,54.288,53.8,0.488,2018
674,2017-11-15,54.638,54.1,0.538,2018
675,2017-11-14,55.088,54.425,0.663,2018
676,2017-11-13,56.625,55.925,0.7,2018
677,2017-11-10,56.213,55.475,0.738,2018
678,2017-11-09,55.725,54.95,0.775,2018
679,2017-11-08,55.175,54.488,0.687,2018
680,2017-11-07,54.988,54.238,0.75,2018
681,2017-11-06,54.063,53.325,0.738,2018
682,2017-11-03,52.275,51.688,0.587,2018
683,2017-11-02,53.125,52.575,0.55,2018
684,2017-11-01,52.425,51.813,0.612,2018
685,2017-10-31,51.738,51.175,0.563,2018
686,2017-10-30,51.263,50.725,0.538,2018
687,2017-10-27,51.575,51.05,0.525,2018
688,2017-10-26,51.513,51.0,0.513,2018
689,2017-10-25,51.7,51.125,0.575,2018
690,2017-10-24,51.725,51.1,0.625,2018
691,2017-10-23,51.7,51.075,0.625,2018
692,2017-10-20,52.15,51.525,0.625,2018
693,2017-10-19,53.325,52.675,0.65,2018
694,2017-10-18,53.763,53.188,0.575,2018
695,2017-10-17,53.263,52.563,0.7,2018
696,2017-10-16,53.175,52.563,0.612,2018
697,2017-10-13,52.95,52.425,0.525,2018
698,2017-10-12,52.963,52.363,0.6,2018
699,2017-10-11,53.025,52.325,0.7,2018
700,2017-10-10,52.875,52.238,0.637,2018
701,2017-10-09,53.225,52.6,0.625,2018
702,2017-10-06,53.35,52.7,0.65,2018
703,2017-10-05,53.2,52.488,0.712,2018
704,2017-10-04,52.388,51.775,0.613,2018
705,2017-10-03,52.0,51.45,0.55,2018
706,2017-10-02,51.175,50.6,0.575,2018
707,2017-09-29,50.413,50.0,0.413,2018
708,2017-09-28,52.188,51.475,0.713,2018
709,2017-09-27,51.813,51.2,0.613,2018
710,2017-09-26,51.85,51.175,0.675,2018
711,2017-09-25,52.375,51.713,0.662,2018
712,2017-09-22,50.975,50.438,0.537,2018
713,2017-09-21,51.288,50.563,0.725,2018
714,2017-09-20,51.538,50.813,0.725,2018
715,2017-09-19,51.9,51.2,0.7,2018
716,2017-09-18,51.438,50.738,0.7,2018
717,2017-09-15,51.538,50.838,0.7,2018
718,2017-09-14,53.075,52.375,0.7,2018
719,2017-09-13,53.188,52.488,0.7,2018
720,2017-09-12,52.65,51.963,0.687,2018
721,2017-09-11,53.25,52.775,0.475,2018
722,2017-09-08,52.35,51.875,0.475,2018
723,2017-09-07,52.263,51.788,0.475,2018
724,2017-09-06,52.475,52.0,0.475,2018
725,2017-09-05,52.038,51.55,0.488,2018
726,2017-09-04,51.088,50.438,0.65,2018
727,2017-09-01,50.725,50.138,0.587,2018
728,2017-08-31,50.825,50.025,0.8,2018
729,2017-08-30,50.9,50.2,0.7,2018
730,2017-08-29,51.363,50.675,0.688,2018
731,2017-08-25,50.5,49.95,0.55,2018
732,2017-08-24,50.675,50.125,0.55,2018
733,2017-08-23,50.8,50.25,0.55,2018
734,2017-08-22,50.113,49.525,0.588,2018
735,2017-08-21,49.863,49.313,0.55,2018
736,2017-08-18,50.075,49.525,0.55,2018
737,2017-08-17,50.05,49.413,0.637,2018
738,2017-08-16,50.1,49.525,0.575,2018
739,2017-08-15,49.4,48.75,0.65,2018
740,2017-08-14,49.613,48.963,0.65,2018
741,2017-08-11,50.2,49.55,0.65,2018
742,2017-08-10,49.775,49.125,0.65,2018
743,2017-08-09,49.25,48.6,0.65,2018
744,2017-08-08,48.725,48.15,0.575,2018
745,2017-08-07,48.913,48.288,0.625,2018
746,2017-08-04,48.413,47.638,0.775,2018
747,2017-08-03,47.888,47.35,0.538,2018
748,2017-08-02,47.363,46.738,0.625,2018
749,2017-08-01,47.075,46.45,0.625,2018
750,2017-07-31,47.825,47.2,0.625,2018
751,2017-07-28,47.738,47.113,0.625,2018
752,2017-07-27,47.538,46.913,0.625,2018
753,2017-07-26,47.75,47.125,0.625,2018
754,2017-07-25,47.113,46.488,0.625,2018
755,2017-07-24,46.738,46.113,0.625,2018
756,2017-07-21,47.338,46.713,0.625,2018
757,2017-07-20,47.838,47.213,0.625,2018
758,2017-07-19,47.425,46.8,0.625,2018
759,2017-07-18,47.488,46.825,0.663,2018
760,2017-07-17,47.65,47.038,0.612,2018
761,2017-07-14,46.913,46.3,0.613,2018
762,2017-07-13,46.988,46.375,0.613,2018
763,2017-07-12,46.525,46.0,0.525,2018
764,2017-07-11,46.8,46.0,0.8,2018
765,2017-07-10,46.875,46.288,0.587,2018
766,2017-07-07,47.35,46.625,0.725,2018
767,2017-07-06,47.8,47.075,0.725,2018
768,2017-07-05,47.4,46.863,0.537,2018
769,2017-07-04,47.425,46.888,0.537,2018
770,2017-07-03,47.35,47.3,0.05,2018
